RouteId,RouteNo,TimeTableId,TripId,StartTime,EndTime
1,01,1,2,05:00,05:40
1,01,1,3,05:15,05:55
1,01,1,4,05:30,06:10
1,01,1,5,05:45,06:25
1,01,1,6,05:55,06:35
1,01,1,7,06:05,06:45
1,01,1,8,06:15,06:55
1,01,1,9,06:23,07:03
1,01,1,10,06:31,07:11
1,01,1,11,06:39,07:19
1,01,1,12,06:47,07:27
1,01,1,13,06:55,07:35
1,01,1,14,07:03,07:43
1,01,1,15,07:11,07:51
1,01,1,16,07:19,07:59
1,01,1,17,07:27,08:07
1,01,1,18,07:35,08:15
1,01,1,19,07:43,08:23
1,01,1,20,07:51,08:31
1,01,1,21,07:59,08:39
1,01,1,22,08:07,08:47
1,01,1,23,08:15,08:55
1,01,1,24,08:23,09:03
1,01,1,25,08:31,09:11
1,01,1,26,08:39,09:19
1,01,1,27,08:47,09:27
1,01,1,28,08:55,09:35
1,01,1,29,09:03,09:43
1,01,1,30,09:11,09:51
1,01,1,31,09:21,10:01
1,01,1,32,09:31,10:11
1,01,1,33,09:41,10:21
1,01,1,34,09:51,10:31
1,01,1,35,10:01,10:41
1,01,1,36,10:09,10:49
1,01,1,37,10:17,10:57
1,01,1,38,10:25,11:05
1,01,1,39,10:33,11:13
1,01,1,40,10:41,11:21
1,01,1,41,10:49,11:29
1,01,1,42,10:57,11:37
1,01,1,43,11:05,11:45
1,01,1,44,11:13,11:53
1,01,1,45,11:21,12:01
1,01,1,46,11:29,12:09
1,01,1,47,11:37,12:17
1,01,1,48,11:45,12:25
1,01,1,49,11:53,12:33
1,01,1,50,12:01,12:41
1,01,1,51,12:09,12:49
1,01,1,52,12:19,12:59
1,01,1,53,12:29,13:09
1,01,1,54,12:39,13:19
1,01,1,55,12:49,13:29
1,01,1,56,12:59,13:39
1,01,1,57,13:09,13:49
1,01,1,58,13:19,13:59
1,01,1,59,13:29,14:09
1,01,1,60,13:39,14:19
1,01,1,61,13:49,14:29
1,01,1,62,13:59,14:39
1,01,1,63,14:09,14:49
1,01,1,64,14:19,14:59
1,01,1,65,14:29,15:09
1,01,1,66,14:39,15:19
1,01,1,67,14:47,15:27
1,01,1,68,14:55,15:35
1,01,1,69,15:03,15:43
1,01,1,70,15:11,15:51
1,01,1,71,15:19,15:59
1,01,1,72,15:27,16:07
1,01,1,73,15:35,16:15
1,01,1,74,15:43,16:23
1,01,1,75,15:51,16:31
1,01,1,76,15:59,16:39
1,01,1,77,16:07,16:47
1,01,1,78,16:15,16:55
1,01,1,79,16:23,17:03
1,01,1,80,16:31,17:11
1,01,1,81,16:39,17:19
1,01,1,82,16:47,17:27
1,01,1,83,16:55,17:35
1,01,1,84,17:03,17:43
1,01,1,85,17:11,17:51
1,01,1,86,17:19,17:59
1,01,1,87,17:27,18:07
1,01,1,88,17:35,18:15
1,01,1,89,17:43,18:23
1,01,1,90,17:51,18:31
1,01,1,91,17:59,18:39
1,01,1,92,18:07,18:47
1,01,1,93,18:15,18:55
1,01,1,94,18:25,19:05
1,01,1,95,18:35,19:15
1,01,1,96,18:45,19:25
1,01,1,97,18:55,19:35
1,01,1,98,19:05,19:45
1,01,1,99,19:15,19:55
1,01,1,100,19:30,20:10
1,01,1,101,19:45,20:25
1,01,1,102,20:00,20:40
1,01,1,103,20:15,20:55
1,01,1,104,20:30,21:10
1,01,1,105,20:45,21:25
1,01,1,106,21:00,21:40
1,01,1,107,21:20,22:00
1,01,1,108,21:40,22:20
1,01,1,109,22:00,22:40
1,01,2,110,05:00,05:40
1,01,2,111,05:15,05:55
1,01,2,112,05:30,06:10
1,01,2,113,05:45,06:25
1,01,2,114,05:55,06:35
1,01,2,115,06:05,06:45
1,01,2,116,06:15,06:55
1,01,2,117,06:23,07:03
1,01,2,118,06:31,07:11
1,01,2,119,06:39,07:19
1,01,2,120,06:47,07:27
1,01,2,121,06:55,07:35
1,01,2,122,07:03,07:43
1,01,2,123,07:11,07:51
1,01,2,124,07:19,07:59
1,01,2,125,07:27,08:07
1,01,2,126,07:35,08:15
1,01,2,127,07:43,08:23
1,01,2,128,07:51,08:31
1,01,2,129,07:59,08:39
1,01,2,130,08:07,08:47
1,01,2,131,08:15,08:55
1,01,2,132,08:23,09:03
1,01,2,133,08:31,09:11
1,01,2,134,08:39,09:19
1,01,2,135,08:47,09:27
1,01,2,136,08:55,09:35
1,01,2,137,09:03,09:43
1,01,2,138,09:11,09:51
1,01,2,139,09:21,10:01
1,01,2,140,09:31,10:11
1,01,2,141,09:41,10:21
1,01,2,142,09:51,10:31
1,01,2,143,10:01,10:41
1,01,2,144,10:09,10:49
1,01,2,145,10:17,10:57
1,01,2,146,10:25,11:05
1,01,2,147,10:33,11:13
1,01,2,148,10:41,11:21
1,01,2,149,10:49,11:29
1,01,2,150,10:57,11:37
1,01,2,151,11:05,11:45
1,01,2,152,11:13,11:53
1,01,2,153,11:21,12:01
1,01,2,154,11:29,12:09
1,01,2,155,11:37,12:17
1,01,2,156,11:45,12:25
1,01,2,157,11:53,12:33
1,01,2,158,12:01,12:41
1,01,2,159,12:09,12:49
1,01,2,160,12:19,12:59
1,01,2,161,12:29,13:09
1,01,2,162,12:39,13:19
1,01,2,163,12:49,13:29
1,01,2,164,12:59,13:39
1,01,2,165,13:09,13:49
1,01,2,166,13:19,13:59
1,01,2,167,13:29,14:09
1,01,2,168,13:39,14:19
1,01,2,169,13:49,14:29
1,01,2,170,13:59,14:39
1,01,2,171,14:09,14:49
1,01,2,172,14:19,14:59
1,01,2,173,14:29,15:09
1,01,2,174,14:39,15:19
1,01,2,175,14:47,15:27
1,01,2,176,14:55,15:35
1,01,2,177,15:03,15:43
1,01,2,178,15:11,15:51
1,01,2,179,15:19,15:59
1,01,2,180,15:27,16:07
1,01,2,181,15:35,16:15
1,01,2,182,15:43,16:23
1,01,2,183,15:51,16:31
1,01,2,184,15:59,16:39
1,01,2,185,16:07,16:47
1,01,2,186,16:15,16:55
1,01,2,187,16:23,17:03
1,01,2,188,16:31,17:11
1,01,2,189,16:39,17:19
1,01,2,190,16:47,17:27
1,01,2,191,16:55,17:35
1,01,2,192,17:03,17:43
1,01,2,193,17:11,17:51
1,01,2,194,17:19,17:59
1,01,2,195,17:27,18:07
1,01,2,196,17:35,18:15
1,01,2,197,17:43,18:23
1,01,2,198,17:51,18:31
1,01,2,199,17:59,18:39
1,01,2,200,18:07,18:47
1,01,2,201,18:15,18:55
1,01,2,202,18:25,19:05
1,01,2,203,18:35,19:15
1,01,2,204,18:45,19:25
1,01,2,205,18:55,19:35
1,01,2,206,19:05,19:45
1,01,2,207,19:15,19:55
1,01,2,208,19:30,20:10
1,01,2,209,19:45,20:25
1,01,2,210,20:00,20:40
1,01,2,211,20:15,20:55
1,01,2,212,20:30,21:10
1,01,2,213,20:45,21:25
1,01,2,214,21:00,21:40
1,01,2,215,21:20,22:00
1,01,2,216,21:40,22:20
1,01,2,217,22:00,22:40
178,127,29,3039,05:00,05:40
178,127,29,3040,05:10,05:50
178,127,29,3041,05:20,06:00
178,127,29,3042,05:28,06:08
178,127,29,3043,05:36,06:16
178,127,29,3044,05:44,06:24
178,127,29,3045,05:52,06:32
178,127,29,3046,06:00,06:40
178,127,29,3047,06:10,06:50
178,127,29,3048,06:20,07:00
178,127,29,3049,06:30,07:10
178,127,29,3050,06:40,07:20
178,127,29,3051,06:50,07:30
178,127,29,3052,07:00,07:40
178,127,29,3053,07:30,08:10
178,127,29,3054,08:00,08:40
178,127,29,3055,08:30,09:10
178,127,29,3056,09:00,09:40
178,127,29,3057,09:30,10:10
178,127,29,3058,10:00,10:40
178,127,29,3059,10:08,10:48
178,127,29,3060,10:16,10:56
178,127,29,3061,10:24,11:04
178,127,29,3062,10:32,11:12
178,127,29,3063,10:40,11:20
178,127,29,3064,10:48,11:28
178,127,29,3065,10:56,11:36
178,127,29,3066,11:04,11:44
178,127,29,3067,11:12,11:52
178,127,29,3068,11:20,12:00
178,127,29,3069,11:28,12:08
178,127,29,3070,11:36,12:16
178,127,29,3071,11:44,12:24
178,127,29,3072,11:52,12:32
178,127,29,3073,12:00,12:40
178,127,29,3074,12:30,13:10
178,127,29,3075,13:00,13:40
178,127,29,3076,13:30,14:10
178,127,29,3077,14:00,14:40
178,127,29,3078,14:30,15:10
178,127,29,3079,15:00,15:40
178,127,29,3080,15:15,15:55
178,127,29,3081,15:30,16:10
178,127,29,3082,15:45,16:25
178,127,29,3083,16:00,16:40
178,127,29,3084,16:10,16:50
178,127,29,3085,16:20,17:00
178,127,29,3086,16:30,17:10
178,127,29,3087,16:40,17:20
178,127,29,3088,16:50,17:30
178,127,29,3089,17:00,17:40
178,127,29,3090,17:10,17:50
178,127,29,3091,17:20,18:00
178,127,29,3092,17:30,18:10
178,127,29,3093,17:45,18:25
178,127,29,3094,18:00,18:40
178,127,29,3095,18:30,19:10
178,127,29,3096,19:00,19:40
178,127,29,3097,19:30,20:10
178,127,29,3098,20:00,20:40
178,127,30,3099,05:00,05:40
178,127,30,3100,05:10,05:50
178,127,30,3101,05:20,06:00
178,127,30,3102,05:28,06:08
178,127,30,3103,05:36,06:16
178,127,30,3104,05:44,06:24
178,127,30,3105,05:52,06:32
178,127,30,3106,06:00,06:40
178,127,30,3107,06:10,06:50
178,127,30,3108,06:20,07:00
178,127,30,3109,06:30,07:10
178,127,30,3110,06:40,07:20
178,127,30,3111,06:50,07:30
178,127,30,3112,07:00,07:40
178,127,30,3113,07:30,08:10
178,127,30,3114,08:00,08:40
178,127,30,3115,08:30,09:10
178,127,30,3116,09:00,09:40
178,127,30,3117,09:30,10:10
178,127,30,3118,10:00,10:40
178,127,30,3119,10:08,10:48
178,127,30,3120,10:16,10:56
178,127,30,3121,10:24,11:04
178,127,30,3122,10:32,11:12
178,127,30,3123,10:40,11:20
178,127,30,3124,10:48,11:28
178,127,30,3125,10:56,11:36
178,127,30,3126,11:04,11:44
178,127,30,3127,11:12,11:52
178,127,30,3128,11:20,12:00
178,127,30,3129,11:28,12:08
178,127,30,3130,11:36,12:16
178,127,30,3131,11:44,12:24
178,127,30,3132,11:52,12:32
178,127,30,3133,12:00,12:40
178,127,30,3134,12:30,13:10
178,127,30,3135,13:00,13:40
178,127,30,3136,13:30,14:10
178,127,30,3137,14:00,14:40
178,127,30,3138,14:30,15:10
178,127,30,3139,15:00,15:40
178,127,30,3140,15:15,15:55
178,127,30,3141,15:30,16:10
178,127,30,3142,15:45,16:25
178,127,30,3143,16:00,16:40
178,127,30,3144,16:10,16:50
178,127,30,3145,16:20,17:00
178,127,30,3146,16:30,17:10
178,127,30,3147,16:40,17:20
178,127,30,3148,16:50,17:30
178,127,30,3149,17:00,17:40
178,127,30,3150,17:10,17:50
178,127,30,3151,17:20,18:00
178,127,30,3152,17:30,18:10
178,127,30,3153,17:45,18:25
178,127,30,3154,18:00,18:40
178,127,30,3155,18:30,19:10
178,127,30,3156,19:00,19:40
178,127,30,3157,19:30,20:10
178,127,30,3158,20:00,20:40
178,127,31,3159,05:00,05:40
178,127,31,3160,05:30,06:10
178,127,31,3161,05:45,06:25
178,127,31,3162,05:57,06:37
178,127,31,3163,06:07,06:47
178,127,31,3164,06:15,06:55
178,127,31,3165,06:23,07:03
178,127,31,3166,06:31,07:11
178,127,31,3167,06:39,07:19
178,127,31,3168,06:49,07:29
178,127,31,3169,06:59,07:39
178,127,31,3170,07:11,07:51
178,127,31,3171,07:23,08:03
178,127,31,3172,07:38,08:18
178,127,31,3173,08:08,08:48
178,127,31,3174,08:38,09:18
178,127,31,3175,09:08,09:48
178,127,31,3176,09:38,10:18
178,127,31,3177,09:53,10:33
178,127,31,3178,10:05,10:45
178,127,31,3179,10:17,10:57
178,127,31,3180,10:27,11:07
178,127,31,3181,10:37,11:17
178,127,31,3182,10:47,11:27
178,127,31,3183,10:57,11:37
178,127,31,3184,11:07,11:47
178,127,31,3185,11:17,11:57
178,127,31,3186,11:27,12:07
178,127,31,3187,11:39,12:19
178,127,31,3188,11:51,12:31
178,127,31,3189,12:03,12:43
178,127,31,3190,12:13,12:53
178,127,31,3191,12:23,13:03
178,127,31,3192,12:31,13:11
178,127,31,3193,12:39,13:19
178,127,31,3194,12:47,13:27
178,127,31,3195,12:55,13:35
178,127,31,3196,13:05,13:45
178,127,31,3197,13:17,13:57
178,127,31,3198,13:32,14:12
178,127,31,3199,14:02,14:42
178,127,31,3200,14:32,15:12
178,127,31,3201,15:02,15:42
178,127,31,3202,15:32,16:12
178,127,31,3203,15:47,16:27
178,127,31,3204,15:59,16:39
178,127,31,3205,16:09,16:49
178,127,31,3206,16:17,16:57
178,127,31,3207,16:25,17:05
178,127,31,3208,16:33,17:13
178,127,31,3209,16:41,17:21
178,127,31,3210,16:51,17:31
178,127,31,3211,17:03,17:43
178,127,31,3212,17:15,17:55
178,127,31,3213,17:30,18:10
178,127,31,3214,18:00,18:40
178,127,31,3215,18:30,19:10
178,127,31,3216,19:00,19:40
178,127,31,3217,19:30,20:10
178,127,31,3218,20:00,20:40
178,127,32,3219,05:00,05:40
178,127,32,3220,05:30,06:10
178,127,32,3221,05:45,06:25
178,127,32,3222,05:57,06:37
178,127,32,3223,06:07,06:47
178,127,32,3224,06:15,06:55
178,127,32,3225,06:23,07:03
178,127,32,3226,06:31,07:11
178,127,32,3227,06:39,07:19
178,127,32,3228,06:49,07:29
178,127,32,3229,06:59,07:39
178,127,32,3230,07:11,07:51
178,127,32,3231,07:23,08:03
178,127,32,3232,07:38,08:18
178,127,32,3233,08:08,08:48
178,127,32,3234,08:38,09:18
178,127,32,3235,09:08,09:48
178,127,32,3236,09:38,10:18
178,127,32,3237,09:53,10:33
178,127,32,3238,10:05,10:45
178,127,32,3239,10:17,10:57
178,127,32,3240,10:27,11:07
178,127,32,3241,10:37,11:17
178,127,32,3242,10:47,11:27
178,127,32,3243,10:57,11:37
178,127,32,3244,11:07,11:47
178,127,32,3245,11:17,11:57
178,127,32,3246,11:27,12:07
178,127,32,3247,11:39,12:19
178,127,32,3248,11:51,12:31
178,127,32,3249,12:03,12:43
178,127,32,3250,12:13,12:53
178,127,32,3251,12:23,13:03
178,127,32,3252,12:31,13:11
178,127,32,3253,12:39,13:19
178,127,32,3254,12:47,13:27
178,127,32,3255,12:55,13:35
178,127,32,3256,13:05,13:45
178,127,32,3257,13:17,13:57
178,127,32,3258,13:32,14:12
178,127,32,3259,14:02,14:42
178,127,32,3260,14:32,15:12
178,127,32,3261,15:02,15:42
178,127,32,3262,15:32,16:12
178,127,32,3263,15:47,16:27
178,127,32,3264,15:59,16:39
178,127,32,3265,16:09,16:49
178,127,32,3266,16:17,16:57
178,127,32,3267,16:25,17:05
178,127,32,3268,16:33,17:13
178,127,32,3269,16:41,17:21
178,127,32,3270,16:51,17:31
178,127,32,3271,17:03,17:43
178,127,32,3272,17:15,17:55
178,127,32,3273,17:30,18:10
178,127,32,3274,18:00,18:40
178,127,32,3275,18:30,19:10
178,127,32,3276,19:00,19:40
178,127,32,3277,19:30,20:10
178,127,32,3278,20:00,20:40
345,155,4,151,05:00,05:30
345,155,4,152,05:30,06:00
345,155,4,153,06:00,06:30
345,155,4,154,06:15,06:45
345,155,4,155,06:30,07:00
345,155,4,156,06:45,07:15
345,155,4,157,07:00,07:30
345,155,4,158,07:15,07:45
345,155,4,159,07:30,08:00
345,155,4,160,07:45,08:15
345,155,4,161,08:00,08:30
345,155,4,162,08:15,08:45
345,155,4,163,08:30,09:00
345,155,4,164,08:45,09:15
345,155,4,165,09:00,09:30
345,155,4,166,09:15,09:45
345,155,4,167,09:30,10:00
345,155,4,168,09:45,10:15
345,155,4,169,10:00,10:30
345,155,4,170,10:15,10:45
345,155,4,171,10:30,11:00
345,155,4,172,10:45,11:15
345,155,4,173,11:05,11:35
345,155,4,174,11:25,11:55
345,155,4,175,11:45,12:15
345,155,4,176,12:05,12:35
345,155,4,177,12:25,12:55
345,155,4,178,12:45,13:15
345,155,4,179,13:05,13:35
345,155,4,180,13:25,13:55
345,155,4,181,13:45,14:15
345,155,4,182,14:05,14:35
345,155,4,183,14:25,14:55
345,155,4,184,14:45,15:15
345,155,4,185,15:05,15:35
345,155,4,186,15:25,15:55
345,155,4,187,15:45,16:15
345,155,4,188,16:00,16:30
345,155,4,189,16:15,16:45
345,155,4,190,16:30,17:00
345,155,4,191,16:45,17:15
345,155,4,192,17:00,17:30
345,155,4,193,17:15,17:45
345,155,4,194,17:30,18:00
345,155,4,195,17:45,18:15
345,155,4,196,18:00,18:30
345,155,4,197,18:20,18:50
345,155,4,198,18:40,19:10
345,155,4,199,19:00,19:30
345,155,4,200,19:20,19:50
345,155,4,201,19:40,20:10
345,155,4,202,20:00,20:30
345,155,4,203,20:20,20:50
345,155,4,204,20:40,21:10
345,155,4,205,21:00,21:30
345,155,4,206,21:30,22:00
345,155,4,207,22:00,22:30
404,172,21,328,04:00,07:00
404,172,21,329,04:15,07:15
404,172,21,330,04:30,07:30
404,172,21,331,04:45,08:15
404,172,21,332,05:00,08:30
404,172,21,333,05:15,08:45
404,172,21,334,05:30,09:00
404,172,21,335,05:45,09:15
404,172,21,336,06:00,09:30
404,172,21,337,06:15,09:45
404,172,21,338,06:30,10:00
404,172,21,339,06:45,10:15
404,172,21,340,07:00,10:30
404,172,21,341,07:30,11:00
404,172,21,342,08:00,11:30
404,172,21,343,08:30,12:00
404,172,21,344,09:00,12:30
404,172,21,345,09:30,13:00
404,172,21,346,10:00,13:30
404,172,21,347,10:30,14:00
404,172,21,348,11:00,14:30
404,172,21,349,11:30,15:00
404,172,21,350,12:00,15:30
404,172,21,351,12:30,16:00
404,172,21,352,13:00,16:30
404,172,21,353,13:30,17:00
404,172,21,354,14:00,17:30
404,172,21,355,14:30,18:00
404,172,21,356,15:00,18:30
404,172,21,357,15:30,19:00
404,172,21,358,16:00,19:30
404,172,21,359,16:30,20:00
404,172,21,360,17:00,20:30
404,172,21,361,17:30,21:00
404,172,21,362,18:00,21:30
404,172,21,363,18:30,22:00
404,172,21,364,19:00,22:30
404,172,21,365,19:30,23:00
404,172,21,366,20:00,23:30
404,172,21,367,20:30,00:00
404,172,21,368,21:00,00:30
404,172,21,369,21:30,01:00
404,172,22,370,04:30,07:30
404,172,22,371,05:00,08:30
404,172,22,372,05:30,09:00
404,172,22,373,06:00,09:30
404,172,22,374,06:30,10:00
404,172,22,375,07:00,10:30
404,172,22,376,07:15,10:45
404,172,22,377,07:30,11:00
404,172,22,378,07:45,11:15
404,172,22,379,08:00,11:30
404,172,22,380,08:15,11:45
404,172,22,381,08:30,12:00
404,172,22,382,09:15,12:45
404,172,22,383,10:00,13:30
404,172,22,384,10:45,14:15
404,172,22,385,11:30,15:00
404,172,22,386,12:15,15:45
404,172,22,387,12:45,16:15
404,172,22,388,13:15,16:45
404,172,22,389,13:45,17:15
404,172,22,390,14:15,17:45
404,172,22,391,14:45,18:15
404,172,22,392,15:15,18:45
404,172,22,393,15:45,19:15
404,172,22,394,16:15,19:45
404,172,22,395,16:45,20:15
404,172,22,396,17:15,20:45
404,172,22,397,17:30,21:00
404,172,22,398,17:45,21:15
404,172,22,399,18:00,21:30
404,172,22,400,18:15,21:45
404,172,22,401,18:30,22:00
404,172,22,402,18:45,22:15
404,172,22,403,19:00,22:30
404,172,22,404,19:15,22:45
404,172,22,405,19:30,23:00
404,172,22,406,19:45,23:15
404,172,22,407,20:00,23:30
404,172,22,408,20:15,23:45
404,172,22,409,20:30,00:00
404,172,22,410,21:00,00:30
404,172,22,411,21:30,01:00
384,MRT1,59,12280,05:00,05:29
384,MRT1,59,12281,05:15,05:44
384,MRT1,59,12282,05:30,05:59
384,MRT1,59,12283,05:42,06:11
384,MRT1,59,12284,05:54,06:23
384,MRT1,59,12285,06:04,06:33
384,MRT1,59,12286,06:14,06:43
384,MRT1,59,12287,06:24,06:53
384,MRT1,59,12288,06:34,07:03
384,MRT1,59,12289,06:42,07:11
384,MRT1,59,12290,06:50,07:19
384,MRT1,59,12291,06:58,07:27
384,MRT1,59,12292,07:04,07:33
384,MRT1,59,12293,07:10,07:39
384,MRT1,59,12294,07:16,07:45
384,MRT1,59,12295,07:22,07:51
384,MRT1,59,12296,07:28,07:57
384,MRT1,59,12297,07:34,08:03
384,MRT1,59,12298,07:40,08:09
384,MRT1,59,12299,07:46,08:15
384,MRT1,59,12300,07:52,08:21
384,MRT1,59,12301,07:58,08:27
384,MRT1,59,12302,08:04,08:33
384,MRT1,59,12303,08:10,08:39
384,MRT1,59,12304,08:16,08:45
384,MRT1,59,12305,08:22,08:51
384,MRT1,59,12306,08:28,08:57
384,MRT1,59,12307,08:34,09:03
384,MRT1,59,12308,08:40,09:09
384,MRT1,59,12309,08:46,09:15
384,MRT1,59,12310,08:52,09:21
384,MRT1,59,12311,08:58,09:27
384,MRT1,59,12312,09:08,09:37
384,MRT1,59,12313,09:18,09:47
384,MRT1,59,12314,09:28,09:57
384,MRT1,59,12315,09:38,10:07
384,MRT1,59,12316,09:48,10:17
384,MRT1,59,12317,09:58,10:27
384,MRT1,59,12318,10:10,10:39
384,MRT1,59,12319,10:22,10:51
384,MRT1,59,12320,10:34,11:03
384,MRT1,59,12321,10:46,11:15
384,MRT1,59,12322,10:58,11:27
384,MRT1,59,12323,11:08,11:37
384,MRT1,59,12324,11:18,11:47
384,MRT1,59,12325,11:28,11:57
384,MRT1,59,12326,11:38,12:07
384,MRT1,59,12327,11:48,12:17
384,MRT1,59,12328,11:58,12:27
384,MRT1,59,12329,12:08,12:37
384,MRT1,59,12330,12:18,12:47
384,MRT1,59,12331,12:28,12:57
384,MRT1,59,12332,12:38,13:07
384,MRT1,59,12333,12:48,13:17
384,MRT1,59,12334,12:58,13:27
384,MRT1,59,12335,13:08,13:37
384,MRT1,59,12336,13:18,13:47
384,MRT1,59,12337,13:28,13:57
384,MRT1,59,12338,13:40,14:09
384,MRT1,59,12339,13:52,14:21
384,MRT1,59,12340,14:04,14:33
384,MRT1,59,12341,14:16,14:45
384,MRT1,59,12342,14:28,14:57
384,MRT1,59,12343,14:40,15:09
384,MRT1,59,12344,14:52,15:21
384,MRT1,59,12345,15:04,15:33
384,MRT1,59,12346,15:16,15:45
384,MRT1,59,12347,15:28,15:57
384,MRT1,59,12348,15:38,16:07
384,MRT1,59,12349,15:48,16:17
384,MRT1,59,12350,15:58,16:27
384,MRT1,59,12351,16:08,16:37
384,MRT1,59,12352,16:18,16:47
384,MRT1,59,12353,16:28,16:57
384,MRT1,59,12354,16:36,17:05
384,MRT1,59,12355,16:44,17:13
384,MRT1,59,12356,16:52,17:21
384,MRT1,59,12357,17:00,17:29
384,MRT1,59,12358,17:06,17:35
384,MRT1,59,12359,17:12,17:41
384,MRT1,59,12360,17:18,17:47
384,MRT1,59,12361,17:24,17:53
384,MRT1,59,12362,17:30,17:59
384,MRT1,59,12363,17:36,18:05
384,MRT1,59,12364,17:42,18:11
384,MRT1,59,12365,17:48,18:17
384,MRT1,59,12366,17:54,18:23
384,MRT1,59,12367,18:00,18:29
384,MRT1,59,12368,18:06,18:35
384,MRT1,59,12369,18:12,18:41
384,MRT1,59,12370,18:18,18:47
384,MRT1,59,12371,18:24,18:53
384,MRT1,59,12372,18:30,18:59
384,MRT1,59,12373,18:36,19:05
384,MRT1,59,12374,18:42,19:11
384,MRT1,59,12375,18:48,19:17
384,MRT1,59,12376,18:54,19:23
384,MRT1,59,12377,19:00,19:29
384,MRT1,59,12378,19:08,19:37
384,MRT1,59,12379,19:16,19:45
384,MRT1,59,12380,19:24,19:53
384,MRT1,59,12381,19:34,20:03
384,MRT1,59,12382,19:44,20:13
384,MRT1,59,12383,19:54,20:23
384,MRT1,59,12384,20:04,20:33
384,MRT1,59,12385,20:14,20:43
384,MRT1,59,12386,20:26,20:55
384,MRT1,59,12387,20:38,21:07
384,MRT1,59,12388,20:50,21:19
384,MRT1,59,12389,21:02,21:31
384,MRT1,59,12390,21:15,21:44
384,MRT1,59,12391,21:30,21:59
384,MRT1,59,12392,21:45,22:14
384,MRT1,59,12393,22:00,22:29
384,MRT1,60,12394,05:00,05:29
384,MRT1,60,12395,05:15,05:44
384,MRT1,60,12396,05:30,05:59
384,MRT1,60,12397,05:40,06:09
384,MRT1,60,12398,05:50,06:19
384,MRT1,60,12399,06:00,06:29
384,MRT1,60,12400,06:10,06:39
384,MRT1,60,12401,06:20,06:49
384,MRT1,60,12402,06:28,06:57
384,MRT1,60,12403,06:36,07:05
384,MRT1,60,12404,06:44,07:13
384,MRT1,60,12405,06:52,07:21
384,MRT1,60,12406,06:58,07:27
384,MRT1,60,12407,07:04,07:33
384,MRT1,60,12408,07:10,07:39
384,MRT1,60,12409,07:16,07:45
384,MRT1,60,12410,07:22,07:51
384,MRT1,60,12411,07:28,07:57
384,MRT1,60,12412,07:34,08:03
384,MRT1,60,12413,07:40,08:09
384,MRT1,60,12414,07:46,08:15
384,MRT1,60,12415,07:52,08:21
384,MRT1,60,12416,07:58,08:27
384,MRT1,60,12417,08:04,08:33
384,MRT1,60,12418,08:10,08:39
384,MRT1,60,12419,08:16,08:45
384,MRT1,60,12420,08:22,08:51
384,MRT1,60,12421,08:28,08:57
384,MRT1,60,12422,08:34,09:03
384,MRT1,60,12423,08:40,09:09
384,MRT1,60,12424,08:46,09:15
384,MRT1,60,12425,08:52,09:21
384,MRT1,60,12426,09:02,09:31
384,MRT1,60,12427,09:12,09:41
384,MRT1,60,12428,09:22,09:51
384,MRT1,60,12429,09:32,10:01
384,MRT1,60,12430,09:42,10:11
384,MRT1,60,12431,09:52,10:21
384,MRT1,60,12432,10:04,10:33
384,MRT1,60,12433,10:16,10:45
384,MRT1,60,12434,10:28,10:57
384,MRT1,60,12435,10:40,11:09
384,MRT1,60,12436,10:52,11:21
384,MRT1,60,12437,11:02,11:31
384,MRT1,60,12438,11:12,11:41
384,MRT1,60,12439,11:22,11:51
384,MRT1,60,12440,11:32,12:01
384,MRT1,60,12441,11:42,12:11
384,MRT1,60,12442,11:52,12:21
384,MRT1,60,12443,12:02,12:31
384,MRT1,60,12444,12:12,12:41
384,MRT1,60,12445,12:22,12:51
384,MRT1,60,12446,12:32,13:01
384,MRT1,60,12447,12:42,13:11
384,MRT1,60,12448,12:52,13:21
384,MRT1,60,12449,13:02,13:31
384,MRT1,60,12450,13:12,13:41
384,MRT1,60,12451,13:22,13:51
384,MRT1,60,12452,13:34,14:03
384,MRT1,60,12453,13:46,14:15
384,MRT1,60,12454,13:58,14:27
384,MRT1,60,12455,14:10,14:39
384,MRT1,60,12456,14:22,14:51
384,MRT1,60,12457,14:34,15:03
384,MRT1,60,12458,14:46,15:15
384,MRT1,60,12459,14:58,15:27
384,MRT1,60,12460,15:10,15:39
384,MRT1,60,12461,15:22,15:51
384,MRT1,60,12462,15:32,16:01
384,MRT1,60,12463,15:42,16:11
384,MRT1,60,12464,15:52,16:21
384,MRT1,60,12465,16:02,16:31
384,MRT1,60,12466,16:12,16:41
384,MRT1,60,12467,16:22,16:51
384,MRT1,60,12468,16:30,16:59
384,MRT1,60,12469,16:38,17:07
384,MRT1,60,12470,16:46,17:15
384,MRT1,60,12471,16:54,17:23
384,MRT1,60,12472,17:00,17:29
384,MRT1,60,12473,17:06,17:35
384,MRT1,60,12474,17:12,17:41
384,MRT1,60,12475,17:18,17:47
384,MRT1,60,12476,17:24,17:53
384,MRT1,60,12477,17:30,17:59
384,MRT1,60,12478,17:36,18:05
384,MRT1,60,12479,17:42,18:11
384,MRT1,60,12480,17:48,18:17
384,MRT1,60,12481,17:54,18:23
384,MRT1,60,12482,18:00,18:29
384,MRT1,60,12483,18:06,18:35
384,MRT1,60,12484,18:12,18:41
384,MRT1,60,12485,18:18,18:47
384,MRT1,60,12486,18:24,18:53
384,MRT1,60,12487,18:30,18:59
384,MRT1,60,12488,18:36,19:05
384,MRT1,60,12489,18:42,19:11
384,MRT1,60,12490,18:48,19:17
384,MRT1,60,12491,18:54,19:23
384,MRT1,60,12492,19:02,19:31
384,MRT1,60,12493,19:10,19:39
384,MRT1,60,12494,19:18,19:47
384,MRT1,60,12495,19:28,19:57
384,MRT1,60,12496,19:38,20:07
384,MRT1,60,12497,19:48,20:17
384,MRT1,60,12498,19:58,20:27
384,MRT1,60,12499,20:08,20:37
384,MRT1,60,12500,20:20,20:49
384,MRT1,60,12501,20:32,21:01
384,MRT1,60,12502,20:45,21:14
384,MRT1,60,12503,21:00,21:29
384,MRT1,60,12504,21:15,21:44
384,MRT1,60,12505,21:30,21:59
384,MRT1,60,12506,21:45,22:14
384,MRT1,60,12507,22:00,22:29
384,MRT1,61,12508,05:00,05:29
384,MRT1,61,12509,05:15,05:44
384,MRT1,61,12510,05:30,05:59
384,MRT1,61,12511,05:42,06:11
384,MRT1,61,12512,05:54,06:23
384,MRT1,61,12513,06:04,06:33
384,MRT1,61,12514,06:14,06:43
384,MRT1,61,12515,06:24,06:53
384,MRT1,61,12516,06:34,07:03
384,MRT1,61,12517,06:42,07:11
384,MRT1,61,12518,06:50,07:19
384,MRT1,61,12519,06:58,07:27
384,MRT1,61,12520,07:04,07:33
384,MRT1,61,12521,07:10,07:39
384,MRT1,61,12522,07:16,07:45
384,MRT1,61,12523,07:22,07:51
384,MRT1,61,12524,07:28,07:57
384,MRT1,61,12525,07:34,08:03
384,MRT1,61,12526,07:40,08:09
384,MRT1,61,12527,07:46,08:15
384,MRT1,61,12528,07:52,08:21
384,MRT1,61,12529,07:58,08:27
384,MRT1,61,12530,08:04,08:33
384,MRT1,61,12531,08:10,08:39
384,MRT1,61,12532,08:16,08:45
384,MRT1,61,12533,08:22,08:51
384,MRT1,61,12534,08:28,08:57
384,MRT1,61,12535,08:34,09:03
384,MRT1,61,12536,08:40,09:09
384,MRT1,61,12537,08:46,09:15
384,MRT1,61,12538,08:52,09:21
384,MRT1,61,12539,08:58,09:27
384,MRT1,61,12540,09:08,09:37
384,MRT1,61,12541,09:18,09:47
384,MRT1,61,12542,09:28,09:57
384,MRT1,61,12543,09:38,10:07
384,MRT1,61,12544,09:48,10:17
384,MRT1,61,12545,09:58,10:27
384,MRT1,61,12546,10:10,10:39
384,MRT1,61,12547,10:22,10:51
384,MRT1,61,12548,10:34,11:03
384,MRT1,61,12549,10:46,11:15
384,MRT1,61,12550,10:58,11:27
384,MRT1,61,12551,11:08,11:37
384,MRT1,61,12552,11:18,11:47
384,MRT1,61,12553,11:28,11:57
384,MRT1,61,12554,11:38,12:07
384,MRT1,61,12555,11:48,12:17
384,MRT1,61,12556,11:58,12:27
384,MRT1,61,12557,12:08,12:37
384,MRT1,61,12558,12:18,12:47
384,MRT1,61,12559,12:28,12:57
384,MRT1,61,12560,12:38,13:07
384,MRT1,61,12561,12:48,13:17
384,MRT1,61,12562,12:58,13:27
384,MRT1,61,12563,13:08,13:37
384,MRT1,61,12564,13:18,13:47
384,MRT1,61,12565,13:28,13:57
384,MRT1,61,12566,13:40,14:09
384,MRT1,61,12567,13:52,14:21
384,MRT1,61,12568,14:04,14:33
384,MRT1,61,12569,14:16,14:45
384,MRT1,61,12570,14:28,14:57
384,MRT1,61,12571,14:40,15:09
384,MRT1,61,12572,14:52,15:21
384,MRT1,61,12573,15:04,15:33
384,MRT1,61,12574,15:16,15:45
384,MRT1,61,12575,15:28,15:57
384,MRT1,61,12576,15:38,16:07
384,MRT1,61,12577,15:48,16:17
384,MRT1,61,12578,15:58,16:27
384,MRT1,61,12579,16:08,16:37
384,MRT1,61,12580,16:18,16:47
384,MRT1,61,12581,16:28,16:57
384,MRT1,61,12582,16:36,17:05
384,MRT1,61,12583,16:44,17:13
384,MRT1,61,12584,16:52,17:21
384,MRT1,61,12585,17:00,17:29
384,MRT1,61,12586,17:06,17:35
384,MRT1,61,12587,17:12,17:41
384,MRT1,61,12588,17:18,17:47
384,MRT1,61,12589,17:24,17:53
384,MRT1,61,12590,17:30,17:59
384,MRT1,61,12591,17:36,18:05
384,MRT1,61,12592,17:42,18:11
384,MRT1,61,12593,17:48,18:17
384,MRT1,61,12594,17:54,18:23
384,MRT1,61,12595,18:00,18:29
384,MRT1,61,12596,18:06,18:35
384,MRT1,61,12597,18:12,18:41
384,MRT1,61,12598,18:18,18:47
384,MRT1,61,12599,18:24,18:53
384,MRT1,61,12600,18:30,18:59
384,MRT1,61,12601,18:36,19:05
384,MRT1,61,12602,18:42,19:11
384,MRT1,61,12603,18:48,19:17
384,MRT1,61,12604,18:54,19:23
384,MRT1,61,12605,19:00,19:29
384,MRT1,61,12606,19:08,19:37
384,MRT1,61,12607,19:16,19:45
384,MRT1,61,12608,19:24,19:53
384,MRT1,61,12609,19:34,20:03
384,MRT1,61,12610,19:44,20:13
384,MRT1,61,12611,19:54,20:23
384,MRT1,61,12612,20:04,20:33
384,MRT1,61,12613,20:14,20:43
384,MRT1,61,12614,20:26,20:55
384,MRT1,61,12615,20:38,21:07
384,MRT1,61,12616,20:50,21:19
384,MRT1,61,12617,21:02,21:31
384,MRT1,61,12618,21:15,21:44
384,MRT1,61,12619,21:30,21:59
384,MRT1,61,12620,21:45,22:14
384,MRT1,61,12621,22:00,22:29
384,MRT1,61,12622,22:15,22:44
384,MRT1,61,12623,22:30,22:59
384,MRT1,61,12624,22:45,23:14
384,MRT1,61,12625,23:00,23:29
384,MRT1,62,12626,05:00,05:29
384,MRT1,62,12627,05:15,05:44
384,MRT1,62,12628,05:30,05:59
384,MRT1,62,12629,05:40,06:09
384,MRT1,62,12630,05:50,06:19
384,MRT1,62,12631,06:00,06:29
384,MRT1,62,12632,06:10,06:39
384,MRT1,62,12633,06:20,06:49
384,MRT1,62,12634,06:28,06:57
384,MRT1,62,12635,06:36,07:05
384,MRT1,62,12636,06:44,07:13
384,MRT1,62,12637,06:52,07:21
384,MRT1,62,12638,06:58,07:27
384,MRT1,62,12639,07:04,07:33
384,MRT1,62,12640,07:10,07:39
384,MRT1,62,12641,07:16,07:45
384,MRT1,62,12642,07:22,07:51
384,MRT1,62,12643,07:28,07:57
384,MRT1,62,12644,07:34,08:03
384,MRT1,62,12645,07:40,08:09
384,MRT1,62,12646,07:46,08:15
384,MRT1,62,12647,07:52,08:21
384,MRT1,62,12648,07:58,08:27
384,MRT1,62,12649,08:04,08:33
384,MRT1,62,12650,08:10,08:39
384,MRT1,62,12651,08:16,08:45
384,MRT1,62,12652,08:22,08:51
384,MRT1,62,12653,08:28,08:57
384,MRT1,62,12654,08:34,09:03
384,MRT1,62,12655,08:40,09:09
384,MRT1,62,12656,08:46,09:15
384,MRT1,62,12657,08:52,09:21
384,MRT1,62,12658,09:02,09:31
384,MRT1,62,12659,09:12,09:41
384,MRT1,62,12660,09:22,09:51
384,MRT1,62,12661,09:32,10:01
384,MRT1,62,12662,09:42,10:11
384,MRT1,62,12663,09:52,10:21
384,MRT1,62,12664,10:04,10:33
384,MRT1,62,12665,10:16,10:45
384,MRT1,62,12666,10:28,10:57
384,MRT1,62,12667,10:40,11:09
384,MRT1,62,12668,10:52,11:21
384,MRT1,62,12669,11:02,11:31
384,MRT1,62,12670,11:12,11:41
384,MRT1,62,12671,11:22,11:51
384,MRT1,62,12672,11:32,12:01
384,MRT1,62,12673,11:42,12:11
384,MRT1,62,12674,11:52,12:21
384,MRT1,62,12675,12:02,12:31
384,MRT1,62,12676,12:12,12:41
384,MRT1,62,12677,12:22,12:51
384,MRT1,62,12678,12:32,13:01
384,MRT1,62,12679,12:42,13:11
384,MRT1,62,12680,12:52,13:21
384,MRT1,62,12681,13:02,13:31
384,MRT1,62,12682,13:12,13:41
384,MRT1,62,12683,13:22,13:51
384,MRT1,62,12684,13:34,14:03
384,MRT1,62,12685,13:46,14:15
384,MRT1,62,12686,13:58,14:27
384,MRT1,62,12687,14:10,14:39
384,MRT1,62,12688,14:22,14:51
384,MRT1,62,12689,14:34,15:03
384,MRT1,62,12690,14:46,15:15
384,MRT1,62,12691,14:58,15:27
384,MRT1,62,12692,15:10,15:39
384,MRT1,62,12693,15:22,15:51
384,MRT1,62,12694,15:32,16:01
384,MRT1,62,12695,15:42,16:11
384,MRT1,62,12696,15:52,16:21
384,MRT1,62,12697,16:02,16:31
384,MRT1,62,12698,16:12,16:41
384,MRT1,62,12699,16:22,16:51
384,MRT1,62,12700,16:30,16:59
384,MRT1,62,12701,16:38,17:07
384,MRT1,62,12702,16:46,17:15
384,MRT1,62,12703,16:54,17:23
384,MRT1,62,12704,17:00,17:29
384,MRT1,62,12705,17:06,17:35
384,MRT1,62,12706,17:12,17:41
384,MRT1,62,12707,17:18,17:47
384,MRT1,62,12708,17:24,17:53
384,MRT1,62,12709,17:30,17:59
384,MRT1,62,12710,17:36,18:05
384,MRT1,62,12711,17:42,18:11
384,MRT1,62,12712,17:48,18:17
384,MRT1,62,12713,17:54,18:23
384,MRT1,62,12714,18:00,18:29
384,MRT1,62,12715,18:06,18:35
384,MRT1,62,12716,18:12,18:41
384,MRT1,62,12717,18:18,18:47
384,MRT1,62,12718,18:24,18:53
384,MRT1,62,12719,18:30,18:59
384,MRT1,62,12720,18:36,19:05
384,MRT1,62,12721,18:42,19:11
384,MRT1,62,12722,18:48,19:17
384,MRT1,62,12723,18:54,19:23
384,MRT1,62,12724,19:02,19:31
384,MRT1,62,12725,19:10,19:39
384,MRT1,62,12726,19:18,19:47
384,MRT1,62,12727,19:28,19:57
384,MRT1,62,12728,19:38,20:07
384,MRT1,62,12729,19:48,20:17
384,MRT1,62,12730,19:58,20:27
384,MRT1,62,12731,20:08,20:37
384,MRT1,62,12732,20:20,20:49
384,MRT1,62,12733,20:32,21:01
384,MRT1,62,12734,20:45,21:14
384,MRT1,62,12735,21:00,21:29
384,MRT1,62,12736,21:15,21:44
384,MRT1,62,12737,21:30,21:59
384,MRT1,62,12738,21:45,22:14
384,MRT1,62,12739,22:00,22:29
384,MRT1,62,12740,22:15,22:44
384,MRT1,62,12741,22:30,22:59
384,MRT1,62,12742,22:45,23:14
384,MRT1,62,12743,23:00,23:29
384,MRT1,63,12744,05:00,05:29
384,MRT1,63,12745,05:15,05:44
384,MRT1,63,12746,05:30,05:59
384,MRT1,63,12747,05:42,06:11
384,MRT1,63,12748,05:54,06:23
384,MRT1,63,12749,06:06,06:35
384,MRT1,63,12750,06:18,06:47
384,MRT1,63,12751,06:30,06:59
384,MRT1,63,12752,06:42,07:11
384,MRT1,63,12753,06:54,07:23
384,MRT1,63,12754,07:06,07:35
384,MRT1,63,12755,07:18,07:47
384,MRT1,63,12756,07:30,07:59
384,MRT1,63,12757,07:40,08:09
384,MRT1,63,12758,07:50,08:19
384,MRT1,63,12759,08:00,08:29
384,MRT1,63,12760,08:10,08:39
384,MRT1,63,12761,08:20,08:49
384,MRT1,63,12762,08:30,08:59
384,MRT1,63,12763,08:40,09:09
384,MRT1,63,12764,08:50,09:19
384,MRT1,63,12765,09:00,09:29
384,MRT1,63,12766,09:10,09:39
384,MRT1,63,12767,09:20,09:49
384,MRT1,63,12768,09:30,09:59
384,MRT1,63,12769,09:40,10:09
384,MRT1,63,12770,09:50,10:19
384,MRT1,63,12771,10:00,10:29
384,MRT1,63,12772,10:08,10:37
384,MRT1,63,12773,10:16,10:45
384,MRT1,63,12774,10:24,10:53
384,MRT1,63,12775,10:32,11:01
384,MRT1,63,12776,10:40,11:09
384,MRT1,63,12777,10:48,11:17
384,MRT1,63,12778,10:56,11:25
384,MRT1,63,12779,11:04,11:33
384,MRT1,63,12780,11:12,11:41
384,MRT1,63,12781,11:20,11:49
384,MRT1,63,12782,11:28,11:57
384,MRT1,63,12783,11:36,12:05
384,MRT1,63,12784,11:44,12:13
384,MRT1,63,12785,11:52,12:21
384,MRT1,63,12786,12:00,12:29
384,MRT1,63,12787,12:08,12:37
384,MRT1,63,12788,12:16,12:45
384,MRT1,63,12789,12:24,12:53
384,MRT1,63,12790,12:32,13:01
384,MRT1,63,12791,12:42,13:11
384,MRT1,63,12792,12:52,13:21
384,MRT1,63,12793,13:02,13:31
384,MRT1,63,12794,13:12,13:41
384,MRT1,63,12795,13:22,13:51
384,MRT1,63,12796,13:32,14:01
384,MRT1,63,12797,13:42,14:11
384,MRT1,63,12798,13:52,14:21
384,MRT1,63,12799,14:02,14:31
384,MRT1,63,12800,14:12,14:41
384,MRT1,63,12801,14:22,14:51
384,MRT1,63,12802,14:32,15:01
384,MRT1,63,12803,14:42,15:11
384,MRT1,63,12804,14:52,15:21
384,MRT1,63,12805,15:02,15:31
384,MRT1,63,12806,15:12,15:41
384,MRT1,63,12807,15:22,15:51
384,MRT1,63,12808,15:32,16:01
384,MRT1,63,12809,15:40,16:09
384,MRT1,63,12810,15:48,16:17
384,MRT1,63,12811,15:56,16:25
384,MRT1,63,12812,16:04,16:33
384,MRT1,63,12813,16:12,16:41
384,MRT1,63,12814,16:20,16:49
384,MRT1,63,12815,16:28,16:57
384,MRT1,63,12816,16:36,17:05
384,MRT1,63,12817,16:44,17:13
384,MRT1,63,12818,16:52,17:21
384,MRT1,63,12819,17:00,17:29
384,MRT1,63,12820,17:07,17:36
384,MRT1,63,12821,17:14,17:43
384,MRT1,63,12822,17:21,17:50
384,MRT1,63,12823,17:28,17:57
384,MRT1,63,12824,17:35,18:04
384,MRT1,63,12825,17:42,18:11
384,MRT1,63,12826,17:49,18:18
384,MRT1,63,12827,17:56,18:25
384,MRT1,63,12828,18:03,18:32
384,MRT1,63,12829,18:11,18:40
384,MRT1,63,12830,18:19,18:48
384,MRT1,63,12831,18:27,18:56
384,MRT1,63,12832,18:35,19:04
384,MRT1,63,12833,18:43,19:12
384,MRT1,63,12834,18:51,19:20
384,MRT1,63,12835,18:59,19:28
384,MRT1,63,12836,19:09,19:38
384,MRT1,63,12837,19:19,19:48
384,MRT1,63,12838,19:29,19:58
384,MRT1,63,12839,19:39,20:08
384,MRT1,63,12840,19:49,20:18
384,MRT1,63,12841,19:59,20:28
384,MRT1,63,12842,20:09,20:38
384,MRT1,63,12843,20:19,20:48
384,MRT1,63,12844,20:29,20:58
384,MRT1,63,12845,20:39,21:08
384,MRT1,63,12846,20:49,21:18
384,MRT1,63,12847,20:59,21:28
384,MRT1,63,12848,21:09,21:38
384,MRT1,63,12849,21:19,21:48
384,MRT1,63,12850,21:29,21:58
384,MRT1,63,12851,21:39,22:08
384,MRT1,63,12852,21:49,22:18
384,MRT1,63,12853,22:00,22:29
384,MRT1,63,12854,22:12,22:41
384,MRT1,63,12855,22:24,22:53
384,MRT1,63,12856,22:36,23:05
384,MRT1,63,12857,22:48,23:17
384,MRT1,63,12858,23:00,23:29
384,MRT1,64,12859,05:00,05:29
384,MRT1,64,12860,05:15,05:44
384,MRT1,64,12861,05:30,05:59
384,MRT1,64,12862,05:42,06:11
384,MRT1,64,12863,05:54,06:23
384,MRT1,64,12864,06:06,06:35
384,MRT1,64,12865,06:18,06:47
384,MRT1,64,12866,06:30,06:59
384,MRT1,64,12867,06:42,07:11
384,MRT1,64,12868,06:54,07:23
384,MRT1,64,12869,07:04,07:33
384,MRT1,64,12870,07:14,07:43
384,MRT1,64,12871,07:24,07:53
384,MRT1,64,12872,07:34,08:03
384,MRT1,64,12873,07:44,08:13
384,MRT1,64,12874,07:54,08:23
384,MRT1,64,12875,08:04,08:33
384,MRT1,64,12876,08:14,08:43
384,MRT1,64,12877,08:24,08:53
384,MRT1,64,12878,08:34,09:03
384,MRT1,64,12879,08:44,09:13
384,MRT1,64,12880,08:54,09:23
384,MRT1,64,12881,09:04,09:33
384,MRT1,64,12882,09:14,09:43
384,MRT1,64,12883,09:24,09:53
384,MRT1,64,12884,09:34,10:03
384,MRT1,64,12885,09:44,10:13
384,MRT1,64,12886,09:54,10:23
384,MRT1,64,12887,10:02,10:31
384,MRT1,64,12888,10:10,10:39
384,MRT1,64,12889,10:18,10:47
384,MRT1,64,12890,10:26,10:55
384,MRT1,64,12891,10:34,11:03
384,MRT1,64,12892,10:42,11:11
384,MRT1,64,12893,10:50,11:19
384,MRT1,64,12894,10:58,11:27
384,MRT1,64,12895,11:06,11:35
384,MRT1,64,12896,11:14,11:43
384,MRT1,64,12897,11:22,11:51
384,MRT1,64,12898,11:30,11:59
384,MRT1,64,12899,11:38,12:07
384,MRT1,64,12900,11:46,12:15
384,MRT1,64,12901,11:54,12:23
384,MRT1,64,12902,12:02,12:31
384,MRT1,64,12903,12:10,12:39
384,MRT1,64,12904,12:18,12:47
384,MRT1,64,12905,12:26,12:55
384,MRT1,64,12906,12:36,13:05
384,MRT1,64,12907,12:46,13:15
384,MRT1,64,12908,12:56,13:25
384,MRT1,64,12909,13:06,13:35
384,MRT1,64,12910,13:16,13:45
384,MRT1,64,12911,13:26,13:55
384,MRT1,64,12912,13:36,14:05
384,MRT1,64,12913,13:46,14:15
384,MRT1,64,12914,13:56,14:25
384,MRT1,64,12915,14:06,14:35
384,MRT1,64,12916,14:16,14:45
384,MRT1,64,12917,14:26,14:55
384,MRT1,64,12918,14:36,15:05
384,MRT1,64,12919,14:46,15:15
384,MRT1,64,12920,14:56,15:25
384,MRT1,64,12921,15:06,15:35
384,MRT1,64,12922,15:16,15:45
384,MRT1,64,12923,15:26,15:55
384,MRT1,64,12924,15:34,16:03
384,MRT1,64,12925,15:42,16:11
384,MRT1,64,12926,15:50,16:19
384,MRT1,64,12927,15:58,16:27
384,MRT1,64,12928,16:06,16:35
384,MRT1,64,12929,16:14,16:43
384,MRT1,64,12930,16:22,16:51
384,MRT1,64,12931,16:30,16:59
384,MRT1,64,12932,16:38,17:07
384,MRT1,64,12933,16:46,17:15
384,MRT1,64,12934,16:54,17:23
384,MRT1,64,12935,17:02,17:31
384,MRT1,64,12936,17:10,17:39
384,MRT1,64,12937,17:17,17:46
384,MRT1,64,12938,17:24,17:53
384,MRT1,64,12939,17:31,18:00
384,MRT1,64,12940,17:38,18:07
384,MRT1,64,12941,17:45,18:14
384,MRT1,64,12942,17:52,18:21
384,MRT1,64,12943,17:59,18:28
384,MRT1,64,12944,18:06,18:35
384,MRT1,64,12945,18:13,18:42
384,MRT1,64,12946,18:21,18:50
384,MRT1,64,12947,18:29,18:58
384,MRT1,64,12948,18:37,19:06
384,MRT1,64,12949,18:45,19:14
384,MRT1,64,12950,18:53,19:22
384,MRT1,64,12951,19:03,19:32
384,MRT1,64,12952,19:13,19:42
384,MRT1,64,12953,19:23,19:52
384,MRT1,64,12954,19:33,20:02
384,MRT1,64,12955,19:43,20:12
384,MRT1,64,12956,19:53,20:22
384,MRT1,64,12957,20:03,20:32
384,MRT1,64,12958,20:13,20:42
384,MRT1,64,12959,20:23,20:52
384,MRT1,64,12960,20:33,21:02
384,MRT1,64,12961,20:43,21:12
384,MRT1,64,12962,20:53,21:22
384,MRT1,64,12963,21:03,21:32
384,MRT1,64,12964,21:13,21:42
384,MRT1,64,12965,21:24,21:53
384,MRT1,64,12966,21:36,22:05
384,MRT1,64,12967,21:48,22:17
384,MRT1,64,12968,22:00,22:29
384,MRT1,64,12969,22:12,22:41
384,MRT1,64,12970,22:24,22:53
384,MRT1,64,12971,22:36,23:05
384,MRT1,64,12972,22:48,23:17
384,MRT1,64,12973,23:00,23:29
